user_id,username,email,password_hash,role,date_joined
2d4c4fea-3e3e-497b-b3a7-161a22fd2185,mccartyheidi,loretta18@example.com,6NNPfuVCDxaoHCmXavGUPNSHiqcI9fwM9qA55H6tawFCNaTHjpmQSKZVPddSArtj,Employee,2023-05-06T12:07:04
7f293d2b-8874-46b9-838c-8531732ef0d6,amandacooper,joycemorris@example.com,AODF3cRmoKZXFxgyBaMw2XWA6W0DLTJCsGD2726TKDfUphFiA608QcNOn6humBOy,Admin,2023-10-19T20:22:44
96034307-900d-47ad-a243-3b693f196b17,jeremy46,tracymills@example.org,jHCH6UxVEegqczjrO1JnOZ7UFC2HwR3YbYp5PxwmRHbxWHHy9rXpjEYMf3JGsHXW,Employee,2025-02-03T08:26:52
7258e4d8-aa1d-4591-ac48-9a6a0673e6f8,anita58,kaylaperry@example.org,DsEUgcaEKvJZ2vN9G6omlekCCepkM3W8YbbL2TnXNFpKcrErwx2lgKggZrNXJ2Gj,Employee,2023-07-02T04:04:33
ca559213-b39d-4fc0-aefa-548e24cbad22,mblack,ihuber@example.org,gGbQshnME94B0GAtHptXNkT7PgLRkeh8SlFmTwNaSdue3VqbY9aStCmk8GLt1rj9,Employee,2024-01-30T10:58:17
43bdeeb9-8d40-4341-8f49-765dc91c1601,cynthia75,laura24@example.com,Ex2mQHv2mnQd4q4VQ3oLTe8QnoeXD2RSxXSGDEn2TXNXZsthyM7fWjLSXf3kIQzE,Employee,2023-07-20T10:54:09
e0b15063-c124-4361-9829-a7e14b90a373,maxwellkatie,michael79@example.org,CslhtzuYjRrdB72ZanKRwTgUTz2tFup8YCPdyBUgSaskJkxagzgAVQRYyYyxxN0v,Employee,2024-01-14T22:42:04
ecf07a72-dec6-4134-8ee8-9e289d2f5f7f,joshua94,omorgan@example.net,4XyPSuaFDj0JWytIbImgtaXddUpLsO2qIr0UvFQ2HIbbzIgGqvLeqKoRiZEg0rG9,Employee,2024-08-04T17:40:21
414c100d-b69b-4fa5-969e-a302e25987ce,ufrazier,cheryl38@example.com,qovPzIYXakIUwUda5cTEBnxMJ6vEfrzk5pCJl1ZtIFle6eBMNHeNgxRco9AEXEcI,Employee,2024-10-15T19:20:43
f804d19b-f85b-4842-8a8b-3a9f41aeac87,jasonaguirre,riosmatthew@example.net,X0aj4xrrvYOGIY3xcjY6iQNxwVqzj1YlDQWsd0gu2pvMLZlDCwg9b9X3XScUDZBI,Employee,2023-12-28T00:57:45
317b3881-c33f-4f67-b837-3f77d46aed29,hhardin,thomasbeltran@example.com,XMS0NXUv0d6uaX5f8jRPDgRikNEp34UVsvPU8dQ9ehoOstSXsw5d6RiPUEtDZNxB,Admin,2024-10-20T15:27:06
2ec8791b-afbd-474f-a05a-5053c6af72c1,downsjeremy,jamesmcclure@example.com,jVrGyqAo5s2rXm6BWFPPFVlMwjofmbnoqbTz8aDGRsaNz30GolA4tGyP49MJulh4,Manager,2025-02-21T08:17:56
7b805b71-c758-4dd7-8daf-e13886a81031,olivia92,christopher89@example.org,GnsOlsrabul3iZaGpdIpm8TYa5HirXMFEIjFXGXCSbhlNJMjw6XcJMH7QhKF06wb,Manager,2024-08-24T21:09:23
e3c97ffe-e22f-4a7d-96d5-9a4abf1bc66f,megan23,ramseydeborah@example.org,cdYLIMNmQnF5wvczPq8alWEmbiLYWA9YyK4J3BAjxZPCiz3fGYNJu1FdqcEPHBob,Employee,2023-12-14T15:03:41
dc48e99f-c0b7-41eb-a777-629945421473,lauramoore,emahoney@example.org,C5TABsJtUmVQT5gMOIZ2sxb2HkXAYo7iruRGGRIxDPQ633YQvP875h2UQ0OIteyv,Admin,2024-11-23T01:27:20
77c3c637-f344-4653-a3c7-507a8427dbf2,shawrebecca,boydmichael@example.net,4vnIBatiTpC77b2cM7LFmmHmURaIVJAVEl9NPATjXIS3hXSg2sRJo7Eekb0MGHdh,Employee,2025-01-13T16:03:04
9180c12d-b1a4-4ac8-a443-eb7eb201b706,bartonmelinda,cjones@example.net,VEbkAf9fcMnsQSdG8Yygn8h2vEbYPYCYFWMN10jxvrXPVsBt52kHEMgNl71btn4J,Manager,2025-01-16T01:21:02
5c890ecd-15d8-4f9e-9869-6870568eba39,shannonharrison,greenashley@example.com,rULNjBVGu5TjrE5i5pQGOEGxBPZ2nY05L7hJXStGoUJxAbt4e8BVXKUWDMnwKCRX,Employee,2023-08-21T19:29:48
89fe9d76-931a-43b7-a7c3-ab809cdeff22,shernandez,david19@example.com,rSxIDKH9zBC3DOF55HuOy5AYmXFrAGCIqGLk8G2OizngMKcB9gFA8gn17jlJBzZI,Employee,2025-04-16T06:37:32
1a68003b-ef0c-45fa-bac5-dfcad779e63d,fterrell,mike89@example.net,fOJp9PjOTdiQzCTVicDd2KWAm7hnbnC8Vsg6iK2DF1N3Jxqet2I9L4nAcdoISRXq,Employee,2023-09-22T02:14:36
8b9e9251-e69d-4d61-a3c3-05ba4f19ab5c,jennifer01,rebecca42@example.com,7bt3NM5VXwWYjjLskKCEdEBifwOX4ANrvwo79CCUxFfCg7Bl7bHkJSX4NA2URoox,Manager,2023-12-18T19:21:16
84c941fe-ef09-45cc-9459-c9a189660447,aprilyork,paige78@example.com,tVkl19LxvADlUHncAaAGcNzhYEXHD5a6wd8fOcyuqngWvljP4lC3NlbBLPTBm4Ye,Employee,2024-10-23T15:12:45
038b01b1-8812-41f2-a9d9-2921d47afbf3,zleonard,josephharris@example.com,d4BdQitUd0NO0nXc4IFZgjzWYkWJNKmfEkwafOrK02EvIRHVeaNBKJWXEs4ql0LW,Employee,2024-08-05T06:22:32
f4bfa4b5-b918-49d4-be6d-f28357628f91,michelle77,pennywebb@example.com,dHCEiOyzsyPXaaH8EU5IbqCNei1Wz8v2M6CCIzPH0LkHxx7LLKYltjbi8EzbesZl,Employee,2024-07-08T16:43:43
b9b204a9-df91-4af5-8c13-c3a5cbf8fbc9,derrickjohnson,marybuck@example.net,i1L0LWfFaz5QwBVIkebajdCqkQ5ptFDVx5IXN4EWdnBfbiBHS613XviwlCbKTeOa,Employee,2025-01-29T04:03:05
196dc879-b3bd-424c-907a-93a60e0f9633,montesshelby,monicalamb@example.net,sEK1hXkcotzikOwnDvtrzESZdpiFg3Nu7XCHp5gE2Vw7DtGUWBT1aQLU8GuucCeY,Manager,2024-01-14T14:46:01
4a8044a8-d156-4aef-bfd0-a94523ceba8b,stricklandandrew,curtis92@example.org,4ogRSAtscjtc33W8Z9U0bmOMDEbh8JdvTUeTiluOvb1zxeXOxidROLrZXibcOoeo,Employee,2025-01-28T17:42:58
875ec64b-b465-4e86-9bff-7b4dbd7661d6,alexisgonzales,hayesolivia@example.net,7YqvUyZibv74CNvT5iFOSMZLJ32wtmHyFclF0thR2jpCmCF60bocAAYHPGiT80kH,Employee,2024-03-10T10:32:47
77fd5b0b-2a8b-4543-a3da-489a26638275,jcaldwell,cooktimothy@example.com,x3j4WJlGftCzK0IygGJM3bu8E0ERyhzbYdJ1I8yAxebS3H6YGsdy2iSM8qigSabh,Admin,2024-02-04T09:58:24
99d840d9-46c9-4dfa-89d5-de0920195591,gallegoserica,matthew21@example.com,IabB5d6GWcB2jjcoxnIc9zviv3ckep7lxJQx4TDRzwIF7Z3zPpLAojsvDCTw1xTl,Employee,2024-07-04T10:26:47
e74f5a3e-cf98-4e27-b541-8f997923be4b,wjimenez,perezwayne@example.net,QpVtkiDNwFRQfOflEFwM8wtsi4DZJI8FdnXBbzdmvpeJeIEpECMpr3OQvmZ5pxk9,Employee,2024-03-14T19:38:31
fb5a4b74-1af0-4a06-9d53-67ba596158ea,aschmidt,monicawallace@example.com,1NEf6wD0xZqYxPd6E120i4SxV7MJrf5PnawXmGnST229cz2Cz6yv4AFJWK8ZgO3s,Employee,2024-01-31T19:10:46
89dbe097-ba3d-40c8-bc2b-9a9f8f40a5ac,alyssaortega,destinydavenport@example.org,m5ljWpl7j31u7sZsbrap9UWtfPzQgonTUCjn8OVc4eGqKyAy5yMeDsSSAJJenQ4K,Employee,2025-01-11T17:31:41
e4a1b30d-977d-4900-918b-7976f6efcaaf,ksantiago,wlarsen@example.net,dyEfm6PK0FNzibqduQVZov6y7MBTQsxRuatj3aP3aM3eLggwiM3Ha2HDeTm8bxTH,Employee,2024-03-19T15:19:16
ffa927da-9664-47eb-84be-41782eab57b9,sharon59,zmartin@example.net,7GxnYhzGtlJ1Q4Aft1Tb93XBHMla3tzGtHsNcbcFwu5vqNaFI57zP8TuI7QfvZqg,Admin,2023-08-19T10:43:21
fb6b97c4-ef37-439b-b899-8e7efc16023e,edgar15,lward@example.org,CBqwh14xmzGHJ3F1xa8pvyKrGmicPU1b6KHO97CrbkCUmawfUlTSd8sLoMbtvHSS,Employee,2025-03-17T14:43:54
1432836e-3ded-4737-a750-2c0010c31b92,murphyamber,gacosta@example.net,KSiGFHskZufLfihZO6fUIjaZlABk9T0jToh9LECqepnA07jTTxuaTSqjwL5HIdSs,Manager,2025-02-02T02:52:46
ca344e2d-166d-4ade-82cf-61715d33394a,rogerskatie,benjaminmiller@example.com,I0WBgnUgAYDEw4ca3j4bBJvczg3FnRIQuEkS6FgV442lNslkbGLmCXD2i7UDgw4D,Employee,2024-04-26T19:57:53
5cb4fcf7-3450-4ce2-9112-902ef278eddd,lisayoung,cooktimothy@example.org,vUKMUSwvjUVJuaAHH3WlO79nsQOvjrGgI5lK9AOSX1OjQ0kXmvj5JFZ68kfqALfc,Employee,2024-10-12T19:24:51
47dec98c-c663-4589-adc2-924290164982,emiles,mary50@example.net,7rs9uotOZqN6NYvzlfeb1YYty4oK9IF4GWP0oTZttNH3HOIXQYYt9lhfOClvHqKg,Employee,2023-10-20T20:11:57
c718e047-9ab0-4e23-95b8-b0be09a21e0c,michaelwhite,oshaw@example.org,X3rsYuhCCWXnlpFQEp5wA3QIb4FcNx7hOcIVW6phgFPRhlvcGvv2jj9SVaDhTIOx,Employee,2024-12-18T02:57:57
669676df-aafa-4608-a4ae-8ff08c46e804,flynnkaren,mjackson@example.com,dtxTPAOfumi1ZegzVRhboUUwJEXL8icJ0xN2N8tm1Eg2zY2lGKhDRVAHuaKhY3Zm,Employee,2024-03-06T02:17:02
b732419f-1797-4200-8985-f15f847b0e53,lindsay32,josephgallegos@example.org,PIRNM35naVZ668BJ8ojtGdb4bGkr3NBeCu1CQQHkZhU07DPSAOGU5DdFfGakC8YX,Employee,2023-10-09T21:41:44
7992cd46-e42c-4b21-97a0-30f5f7a8ca33,hansonashley,harperjames@example.com,pUJsTHuUBN63iZWYYscfpl0U7IQYVeihDCcUo8xEPY4YyRNDkKuk2tSUKPQFugLM,Employee,2023-09-04T07:14:08
3e4eab52-5a1a-4a51-9315-206f3ea4ad33,hendersonkimberly,tlarsen@example.com,5K78wMkdf07j5NseU03963CgRR2WkbTU660OT0ZrcV67oZqgezqd2Bjf9aIp1DVd,Employee,2024-04-20T17:57:31
2696d2ee-6d67-4b6e-a881-bcd04655d292,masoncatherine,bentonmark@example.org,8aSlrbW0whRIp3Ftam504My3Ng60Cp3TvH3ue5aRFuA9Ao2HXmepu0UBaZtkWqBb,Employee,2023-11-26T14:24:05
1fa9675c-3f11-444a-98fc-380b46d065c8,garciabecky,colemandanny@example.org,aUkecMtP94OdbatYwB46Zhf4YKUDk8HpK3dYI39A2b9uxWig08XSBarPVrsgrOZP,Employee,2023-09-05T16:13:23
271bf8c6-3e9c-46a8-84ae-efad691f496c,brianna28,enguyen@example.org,a6Ovb7gfEfm9KrMX8foGWUXhYwwQRLG4hJ9ZGfyEUpwGgAFv4q1KW6yoqx9tA8BT,Employee,2023-09-05T10:34:57
65705e50-575f-43e2-94b4-301ec6ac0cd2,logan41,richardmorgan@example.org,GoxwcqmTLdQIHbLXcqTc9qvaCukmJIdSTBm6tifcf8d1eBQzGeai6lW4xIinRerj,Admin,2023-07-12T10:22:27
fac7b9bb-9a38-4823-a280-7be33fca7070,christopher27,nicole99@example.com,ksK3RnOE80FQjLyb5YCQyTSwsGRnALNH8b5wHxuaLXSPxeoxPqqQ7CcvGviTWUrU,Employee,2024-09-08T11:06:05
fe33116c-57bf-4388-89c8-c359b7f3df45,zacharyschmidt,robert90@example.org,zbDEVutH2pt0ANrKwvFXUjatd8AoLQIErR9ES4cgnzGRrUg7MxiWLWGxISa7FSML,Employee,2024-08-02T12:21:10
09571b8c-17cf-43a8-a1b9-8859724aa8f2,smithbeth,eanthony@example.org,BqSBVp7PCElrLEK6tNYPdJZxJAU0quSSSYcCwVW8xggKaaYmHAdw17W6NxeJo1Ap,Employee,2025-02-14T11:49:10
1c23ddb8-7ed2-4fcc-b62c-7cfe0e2621aa,vmarks,danielle93@example.com,IeTOYz7PLrK3vSXcEidSm7K8LNUgXwUwvjdA6zDauMsozJgS6hgIhC5IfMe4Ykmk,Manager,2024-09-20T19:29:03
1e94a821-91c2-47b5-97b0-6e29655c0cea,sherrera,sarabell@example.com,IkWQwhyNr1wIpx8zvoImpNGGXSDeeYVixcCNIU9T0ZqRGDXJzYCTRIATBdyHuTy5,Employee,2023-07-03T09:33:32
aa586e72-5502-4d96-a8ad-6b245199054b,carl99,johnjones@example.com,ri5hwDK1qQcfcnMKbKiJX33ebRUnFbVVSoBFJqKR45HdY8v0GeWKvvdr5DaK7E2J,Manager,2023-12-16T02:40:20
271dd21e-0742-4856-b178-bcdeec6b12d7,nbyrd,mmartin@example.net,l4v9nBGEyxBUIHK5nIZuJ5hTIvyhsObDKZEB0JsmCJbKbDp1R2qfmcdHZKWMZcRB,Employee,2024-02-19T21:01:21
43e57c22-948c-461a-b003-d39ad4b0ed17,kathryn73,brittney92@example.net,POph2UNCXJhCKR1WioptpfwH1VNL1yC8MvISg0g0AXUwAL0pB3HWmXo2nHeAAvI2,Employee,2023-07-16T23:23:16
2a547cde-4c23-48f9-80ba-70739f08687a,christina42,usmith@example.org,nv8HoNhWfIiOM497OY0wWA4mh5gRQ9Qw2VRx3hKtRNOvi1Z1rAWmlHVO6KnEXC9i,Employee,2024-03-15T17:25:10
f07e647b-8ac0-46b7-96f3-965785e5197e,jasmine09,karicollins@example.net,oWYtiYE5Lp2QMGZ6oTdTlj8C0k6MsyV47Z3QXUTKeTbOaN2OKoy1SXS6BFyWXlzk,Employee,2024-08-11T16:26:18
1b357154-3d14-410f-ab79-ffa0e3233807,marshjared,kelseyrobinson@example.org,iWiWyTu8Z5xU4I5vUMRPtFSEjuf1UkRULZNpSL03h0HbAxzcrwwwGsVz5iaUM9PL,Employee,2023-11-17T02:34:38
42558ef6-9ff8-4bdd-9827-5604bd8cfebf,colleen70,jhayes@example.net,3UGazhuvlMMv0IMGg5J9El7IYpR1Gas5hzYCCFIrL2zWa8gaU0L79upsGDIeRENr,Employee,2024-05-07T16:11:39
2ec7ffb9-5e99-4e26-96a9-0a80423442be,castromichael,christopherbradley@example.org,PDgQXWWjMLGaGR8XZ4VpzqXKFBYcwF3BEuX7bPUhbLrw8qqvQHU4BlFcRdVVpkgy,Manager,2024-05-06T20:58:31
2944ce65-f9c6-49c0-a673-9bd090ed612a,jonesluke,thompsonemily@example.com,lvE4XeptzWl0Qgx6hGsZCqxArPqeRPgnfSrkFoP4upl1K6o5iXBof3s6Ny4lVsJo,Employee,2023-06-21T10:56:04
80832db7-07d5-4591-a01d-bb1386c3560f,ann48,lisaoliver@example.com,9p09J6YQTCS96wUMxp8OuLtaq6ZuvOg5ehYlnJvSnT2zuitp2MV7M0mC7npbprEH,Employee,2023-12-20T04:23:17
d1673cd7-3b56-40b2-acd4-096ac3e570da,jennifer85,collinsjames@example.org,GWn35QEKypZCnzCJOUlgXParnxP7GIv9tdm2Kcmje6UuYXWI3H8CTvcXFAFH0Es3,Employee,2023-05-21T23:19:33
92e8bcce-27c0-4d44-9a56-38e42ec0a698,charlessingh,xwilliams@example.com,0pck4AwzZttqyLzmF9WIIicrBRxdugD5mnBaMy1WXNMdnQGZWLppGlREjvD7oS94,Employee,2023-07-11T20:05:47
771210b2-d9a8-4fb6-a828-f2188ad5fe3b,ijames,gabrielbennett@example.net,ZdCp0ySAbi7C4Zh94ScEVGguCVL8q9mFhsOqWxGirJA3oK8ypD88ChSj2jyf3ODE,Employee,2024-07-01T12:34:12
57467426-f5f5-4a8d-a8f1-1685e16f793d,rachelcochran,michael93@example.org,iyXoloqMNqiBNgmgeJ6J4Ovj9q2y5DLkzsANVrNir15y7bUqcrhYQ4ynUaO7ZKAO,Employee,2024-04-30T06:00:38
c75a6f1b-0824-48ad-bafc-73128e3d01de,williamhensley,hurleysteven@example.com,FZWFoVkZ5Yf0kZlN0lf8GG7UzQfCmbklkLUu7qG4r8NqdH1Zbc78g96s3W6llOLV,Employee,2025-01-29T19:08:38
3f363020-b29f-4369-9a9d-39f16aba23da,qcampbell,xfarmer@example.org,YQz0JqKEi4yAefHiK2sMHMBGg3j4k6JEjtBsY7C67VIfy0LDo3KUDOLr15uMW889,Employee,2025-02-28T22:04:42
1c1e3c80-1d84-46c7-8a60-688eaec5a929,jasonstewart,snielsen@example.org,DiiySri5MBp5Tb1lMiKkksBzrQEQASMuvOV0KDY3NwuR1NHAfjlAPlKTRq27RrhK,Manager,2023-08-26T14:34:37
a6b1e04b-7aeb-449f-aa96-779f1a4a61d9,khood,lindsay74@example.org,QeUjnUzYc9Lnj6UVEaeBDP6XsFwqkBQ7lOGX1Mjajb8LkLr0Gtl0cXKITAcqmYU8,Employee,2023-08-10T04:23:45
208e89df-4ede-4bad-82d3-5987b4112fa3,mgarner,lclark@example.net,1VIXZ1sbVSVQFWyu1mO2ecHBMlGJ27wTiImW5MLcqhqvL4juNISm6kwZUFVia1V2,Employee,2025-02-13T20:33:52
310bc2db-843c-42ce-9961-70a493889cc8,aaronramirez,hwebb@example.org,EBn4mOYrMeO1PbAP95gcFpqBDmnGWiw0M4dFMKCzgaLJISqTHqIPBkNeEUofkKrn,Employee,2024-04-21T12:18:04
98287e9a-37ee-4bb0-b7e8-55cdd424f1a6,bmartin,martinezkendra@example.com,0hadoFzhLsM8qK7p1bvyW6C5KjZPX3JojSmWS2fMPWvHkHf6TBj3hNYCfcMVhkKs,Employee,2024-07-15T01:38:38
95accbc9-a78f-4744-820a-557c9f5e0dca,sandrafrazier,lward@example.com,SyiobhSxA6LiaVsqml2gjxVFfKNwznPsbclR4rkaMVYyBXWizHUXJamhe8LmMAlr,Employee,2024-04-02T19:15:56
706b6039-7413-4964-bc66-60c60effc291,nperry,barrywilson@example.org,f4XTWQcL9NeRLxOjYOaturiQNNGHUGSF0hfqK5HOKWl24rKjM6zan8oPW1NMvKSZ,Employee,2023-08-01T11:23:08
87a15546-4ea9-44b2-a17a-3054585a3eae,cbrooks,michealthompson@example.net,320YpyxMYy6J8PHNOVa5DUdEAH18Ec2x3HhQHxBbYlvP8HFZJSe4xENuiUeu07Ax,Employee,2023-08-14T22:30:51
c762dde2-c1e5-4a70-8500-340e2cb03147,bhayden,harveypamela@example.org,SxUmednQbZMS5wpGR0zKyzzrkA0auHrgWKValhULUAqQjqwTqNNqbhe0gSZ9aRIk,Employee,2024-03-01T14:49:24
09caeb47-010e-470d-84f5-47ac631583e6,joshua42,ivaldez@example.org,tRYfWRfj4kKOmKpsMVkp2EwEridVrAloiZqzbpCgnTW6aLue6tkVB0UfTXIYmVAW,Employee,2025-02-18T04:14:04
ca6e858a-b6ee-446d-b854-1d0f1146bab0,brettcoleman,osmith@example.net,7ttik7dUtg4xqDI1UhDMw8Z1Up8SKlOdhEQcurUBQkUNZRyvTb1Np9sp7tKl4CPX,Employee,2023-09-24T13:46:08
3226b279-9f6f-4b55-9fe0-edfd9d4f742f,ystuart,jeffrey62@example.com,yRsXTggtv4tsfghcw0Beo7jHhwkedqatmswqf0qgcpXwJZuZUK9TlWsutWKN0YuX,Manager,2024-05-19T17:28:33
d6fdcb30-106e-4434-bdbb-8d4069cbf302,coreyscott,haydenchan@example.com,SOsFqJh0eYNIe3GSXPt1x8UJEu70HnpC4eDj0Xcbirj18Buj206IIp0Sy9FcFdRC,Employee,2023-08-25T19:56:31
bea6b86d-ad55-4747-bb94-f47828f5c62f,hammondryan,lpowell@example.org,ihUA5vBNoGfHK8E6dydu9xGwMiKC7SzXeafg085rcpDdTiMwPIQsHQS75nKVbB4N,Employee,2024-09-03T22:45:05
23b90238-7392-404b-bcb2-97c0a8429b51,armstrongjacob,adriancastro@example.org,54gjQwWZJ5xUlJTqTiQUo3KM85KGoOlVTCmV286tgNMtgvNfTRap06t2sFJTFo15,Admin,2024-12-16T00:23:13
da9e4494-4f3d-4e50-9bd3-0d84e4b4018a,marie62,heatherallen@example.org,7I5yFwswxzbqazXOIWxaVIp9UUINmvh6heBz4LA5RW9EGFLdzup2QfoZbVvUoUDv,Employee,2023-07-19T23:29:13
41afd334-ad10-48b3-8ba9-2c8b81b2c92f,josephtorres,christina38@example.net,9cUuc1iTIqruadFyiaYbgS9RNZ4OscGzJFrwMv8MbneCJr0txXTfq0wjlHXhQRY6,Admin,2024-07-29T17:18:40
3f45e5cd-a101-4a5d-b1b0-8780d2d16606,jroach,kennethharrison@example.org,xhHG9RbTfZEX7TNVT1GdmsaN1CNsIdgccUxuThT28cc2FRggdIYZEfnNtuzQALsq,Employee,2023-05-08T08:21:12
6cf18b34-7b85-4c30-b1f0-899c4c12feac,youngrichard,aguirrekim@example.org,uV9IgeB0FnIRQ6FMh8bc55yeEEjBefp8Y2Q0gpilpsDhu4sAEdJyEHSoHrK5yNTk,Employee,2023-08-04T09:19:33
8be1cf26-5a9d-4899-b8c1-7c92d32496be,castrohaley,bmckinney@example.net,Ubu0HhZS26K2kvTz5uDVOatA5l5vmY61KRBE7GqdV1AOvY0egRkyeZTPUkyoW9hX,Employee,2023-05-26T03:14:54
c2ec71ee-72f1-4b27-bd0d-db8cbb215a64,hector43,spencerperkins@example.net,ECg6tpwfnNQS7vgCxlj24U8WmX381HawDJAsXVutNRgtqrlMWhr6GONUlaXGJnYh,Employee,2025-01-06T00:32:19
0db430d6-b8b8-4ebe-8f52-132b1c17b5e3,josephosborne,taylorsandra@example.net,mOMD0W97pVTCNzQKMsnCOXxRiEoGGAwHJD7h8d2a0zXl278VtfUN94Mgyfv0bAcQ,Employee,2025-01-24T15:34:43
6c2bc8d9-927e-4914-b5c8-93eaccc37680,carlos51,mary78@example.org,LKQW1bUPJuKiNO0YgkNb2Sj7HdU7gaxgcrl0JdHnVOKd6XRPlR31VsyJYvuAB6Aa,Manager,2024-09-26T11:31:11
4a2291be-2410-4b98-9d1f-2ec08e372461,kleinmichael,teresa36@example.net,bWUlLwjSfJSR0ThWm1LSk8xcxiM9DLy3hoI5Gh4UvUeoTGFttzpZZy194eDBtZP8,Employee,2023-05-30T17:01:27
77d2b3fb-b187-42b8-86ed-6d2a92d49b20,hutchinsondustin,jamestaylor@example.org,XJL5IMdGwubc968LhnkUDnkFBZK3VqOONBFttM6eyrHmpUdt2Qmwvuw6QlJmBpUN,Employee,2024-11-15T18:06:42
7fcc1b2e-80a1-494d-a2c4-c640baf72ffc,millertravis,pscott@example.net,VhJI8hR9CCixFkarzYh5qo0LmqYZHXQy1uqzMcUCpLDnmkxYUbRckoSJmSL7RT7C,Employee,2023-05-16T19:57:48
ea75e6e1-7f78-45fa-a1bc-1843011d956f,fcordova,emily05@example.com,txhEQayiIedKU4RVaj0ZpYi35SSo2aDkgCnC40YjwDHXfT5aLkxxsnPvNj5Eiw0k,Employee,2024-06-22T03:15:10
c03a4220-49c9-4c7f-898a-0c137a6e2907,markcarlson,nicholas79@example.org,2QafosMNQLALmB16R2t8Klh6BUWmfBbbniJaNZiHtALnMu2CS8o07Y6rhvBs3KCM,Employee,2025-01-26T17:28:02
2820fa36-8a4c-47ed-9289-1838e14a79da,paige31,psutton@example.net,PA5VHlBg0URSFOrd2yWEENJpgkcDQtPwOHk8jPuZ8LXrYunXj7R6PgKVGAhCKu95,Employee,2024-09-26T02:35:13
1f962965-4fef-4ad8-9b91-e6a871da1529,douglasgreen,jennifer12@example.com,TuGV6NZEpy0PNa6URBENnWpN3u0vduqsLc3BM5fpIItujow8TQfizaYEg2t2kyr3,Employee,2024-06-09T07:08:08
